Mix_ID,PCC_%,Age_days,Sample_No,Weight_lb,Avg_Length_in,Avg_Diameter_in,Area_in2,Max_Load_lbf,Max_Stress_psi,Strength_MPa,Water_lbs,Cement_lbs,FineAgg_lbs,CoarseAgg_lbs,PCC_lbs,WaterCement_Ratio,TotalAgg_lbs,FineCoarse_Ratio,TotalMix_lbs,PCC_Fraction,PCC_Cement_Ratio,Cylinder_Volume_in3,Density_lb_per_in3
Normal Concrete,0,1,1,8.147,7.985,4.007,12.6103913960194,19497.016,1545.272,10.6542753870329,56.408,129.184,150.656,304.436,0.0,0.436648501362398,455.092,0.494869200751554,640.684,0.0,0.0,100.693975297215,0.0809085148932969
0% PCC,0,1,1,8.449,8.14,4.006,12.61,30120.6,2389.46,16.4747467541634,41.024,93.952,109.568,221.408,0.0,0.436648501362398,330.976,0.494869200751554,465.952,0.0,0.0,102.597357724364,0.082351048676116
Normal Concrete,0,1,2,8.1025,8.055,3.995,12.5349743227774,21596.262,1722.88,11.8788394397952,56.408,129.184,150.656,304.436,0.0,0.436648501362398,455.092,0.494869200751554,640.684,0.0,0.0,100.969218169972,0.0802472292729874
0% PCC,0,1,2,8.495,8.037,3.999,12.56,22986.6,1829.85,12.6163716271065,41.024,93.952,109.568,221.408,0.0,0.436648501362398,330.976,0.494869200751554,465.952,0.0,0.0,100.945428979536,0.0841543801029578
Normal Concrete,0,1,3,8.088,7.977,3.983,12.4597834442063,17411.811,1396.032,9.62530180907328,56.408,129.184,150.656,304.436,0.0,0.436648501362398,455.092,0.494869200751554,640.684,0.0,0.0,99.391692534434,0.0813750102625321
0% PCC,0,1,3,8.4925,8.104,3.982,12.45,25070.2,2068.24,14.2600128174696,41.024,93.952,109.568,221.408,0.0,0.436648501362398,330.976,0.494869200751554,465.952,0.0,0.0,100.923388868454,0.0841479868563405
Normal Concrete,0,7,1,8.1925,7.968,3.981,12.4472736222597,47736.5,3834.23,26.4360852440367,56.408,129.184,150.656,304.436,0.0,0.436648501362398,455.092,0.494869200751554,640.684,0.0,0.0,99.1798762221657,0.0826024422701292
0% PCC,0,7,1,8.6105,8.098,3.993,12.522,66882.7,5339.32,36.8133154936428,41.024,93.952,109.568,221.408,0.0,0.436648501362398,330.976,0.494869200751554,465.952,0.0,0.0,101.40661224032,0.0849106365923584
Normal Concrete,0,7,2,8.2335,8.004,3.987,12.4848219376555,41318.3,3309.19,22.8160618764951,56.408,129.184,150.656,304.436,0.0,0.436648501362398,455.092,0.494869200751554,640.684,0.0,0.0,99.9285147889942,0.0823938994528798
0% PCC,0,7,2,8.514,8.046,3.948,12.242,65942.3,5384.61,37.1255790513069,41.024,93.952,109.568,221.408,0.0,0.436648501362398,330.976,0.494869200751554,465.952,0.0,0.0,98.4972709201282,0.0864389431348208
Normal Concrete,0,7,3,8.2315,7.976,3.985,12.4722995493382,42539.9,3406.75,23.4887143977075,56.408,129.184,150.656,304.436,0.0,0.436648501362398,455.092,0.494869200751554,640.684,0.0,0.0,99.4790612055218,0.0827460563082102
0% PCC,0,7,3,8.513,8.112,3.972,12.391,67058.6,5410.7,37.305463269003,41.024,93.952,109.568,221.408,0.0,0.436648501362398,330.976,0.494869200751554,465.952,0.0,0.0,100.516255827273,0.0846927686465833
Normal Concrete,0,28,1,8.3934,7.968,3.973,12.393,61875.4,4990.17,34.4060109858393,56.408,129.184,150.656,304.436,0.0,0.436648501362398,455.092,0.494869200751554,640.684,0.0,0.0,98.7816638212891,0.0849692106339181
0% PCC,0,28,1,8.5008,8.06,3.976,12.416,86466.9,6963.56,48.0120560743524,41.024,93.952,109.568,221.408,0.0,0.436648501362398,330.976,0.494869200751554,465.952,0.0,0.0,100.073174044012,0.084945841692414
Normal Concrete,0,28,2,8.9215,7.944,3.989,12.489,55913.3,4474.01,30.8472130630329,56.408,129.184,150.656,304.436,0.0,0.436648501362398,455.092,0.494869200751554,640.684,0.0,0.0,99.2789532391509,0.0898629539184322
0% PCC,0,28,2,8.5092,8.04,3.984,12.466,80662.7,6467.72,44.5933596196788,41.024,93.952,109.568,221.408,0.0,0.436648501362398,330.976,0.494869200751554,465.952,0.0,0.0,100.226967319448,0.0848993063202151
Normal Concrete,0,28,3,8.2585,8.015,3.966,12.352,60385.8,4888.09,33.7021941616761,56.408,129.184,150.656,304.436,0.0,0.436648501362398,455.092,0.494869200751554,640.684,0.0,0.0,99.0145066270485,0.0834069701635413
0% PCC,0,28,3,8.5454,8.067,4.003,12.585,93344.0,7416.95,51.1380700820655,41.024,93.952,109.568,221.408,0.0,0.436648501362398,330.976,0.494869200751554,465.952,0.0,0.0,101.525028135917,0.08417037805259
Normal Concrete,0,56,1,8.3285,7.992,3.98,12.445,73889.4,5936.29,40.9292787530541,56.408,129.184,150.656,304.436,0.0,0.436648501362398,455.092,0.494869200751554,640.684,0.0,0.0,99.4286403713077,0.0837635913444852
0% PCC,0,56,1,8.5625,8.063,3.973,12.3972971663264,90571.0,7305.7,50.371028333553,41.024,93.952,109.568,221.408,0.0,0.436648501362398,330.976,0.494869200751554,465.952,0.0,0.0,99.9594070520901,0.0856597718265573
Normal Concrete,0,56,2,8.2755,7.98,3.988,12.493,69797.4,5587.78,38.5263868899162,56.408,129.184,150.656,304.436,0.0,0.436648501362398,455.092,0.494869200751554,640.684,0.0,0.0,99.6788621943082,0.0830216137887712
0% PCC,0,56,2,8.532,8.084,3.993,12.5224268017189,80084.8,6394.45,44.0881807530405,41.024,93.952,109.568,221.408,0.0,0.436648501362398,330.976,0.494869200751554,465.952,0.0,0.0,101.231298265096,0.084282234311143
Normal Concrete,0,56,3,8.2795,7.987,3.916,12.038,75526.2,6270.79,43.2355750665591,56.408,129.184,150.656,304.436,0.0,0.436648501362398,455.092,0.494869200751554,640.684,0.0,0.0,96.1964249213422,0.0860686871343709
0% PCC,0,56,3,8.5235,8.063,3.977,12.4222728279225,80802.719,6503.797,44.8421017784301,41.024,93.952,109.568,221.408,0.0,0.436648501362398,330.976,0.494869200751554,465.952,0.0,0.0,100.160785811539,0.0850981742099916
Normal Concrete,0,90,1,8.1292,8.007,3.999,12.5600882144502,75404.1,5998.19,41.3560642293051,56.408,129.184,150.656,304.436,0.0,0.436648501362398,455.092,0.494869200751554,640.684,0.0,0.0,100.568626333102,0.0808323658819257
0% PCC,0,90,1,8.555,8.106,3.984,12.4660407113741,75196.0,6028.61,41.5658027460669,41.024,93.952,109.568,221.408,0.0,0.436648501362398,330.976,0.494869200751554,465.952,0.0,0.0,101.049726006399,0.084661288437915
Normal Concrete,0,90,2,8.3014,8.095,4.006,12.6040980005361,76312.3,6052.85,41.7329316627765,56.408,129.184,150.656,304.436,0.0,0.436648501362398,455.092,0.494869200751554,640.684,0.0,0.0,102.03017331434,0.0813622062017341
0% PCC,0,90,2,8.6235,8.092,4.026,12.7302643615043,94325.9,7409.1,51.083946237339,41.024,93.952,109.568,221.408,0.0,0.436648501362398,330.976,0.494869200751554,465.952,0.0,0.0,103.013299213293,0.0837124921331248
Normal Concrete,0,90,3,8.292,7.99,4.0,12.5663706143592,75514.4,6008.18,41.4249428546322,56.408,129.184,150.656,304.436,0.0,0.436648501362398,455.092,0.494869200751554,640.684,0.0,0.0,100.40530120873,0.0825852808584478
0% PCC,0,90,3,8.49,8.125,3.997,12.5475281270211,95771.7,7632.72,52.6257518625288,41.024,93.952,109.568,221.408,0.0,0.436648501362398,330.976,0.494869200751554,465.952,0.0,0.0,101.948666032047,0.0832772053862015
5% PCC,5,1,1,8.538,8.112,3.9907,12.501,22958.2,1835.2,12.653258578608,39.742,86.4652,106.144,214.489,4.5508,0.459630001434103,320.633,0.494869200751554,451.391,0.0100817251562393,0.0526315789473684,101.464935911766,0.0841472960415075
5% PCC,5,1,2,8.5065,8.107,3.999,12.556,26623.0,2118.52,14.6066812140108,39.742,86.4652,106.144,214.489,4.5508,0.459630001434103,320.633,0.494869200751554,451.391,0.0100817251562393,0.0526315789473684,101.824635154547,0.0835406872520486
5% PCC,5,1,3,8.535,8.075,3.994,12.524,25269.6,2016.37,13.9023817568373,39.742,86.4652,106.144,214.489,4.5508,0.459630001434103,320.633,0.494869200751554,451.391,0.0100817251562393,0.0526315789473684,101.169250698064,0.0843635782721416
5% PCC,5,7,1,8.6225,8.102,3.998,12.5538073853375,56132.2,4470.47,30.8228056222263,39.742,86.4652,106.144,214.489,4.5508,0.459630001434103,320.633,0.494869200751554,451.391,0.0100817251562393,0.0526315789473684,101.710947436004,0.0847745519765728
5% PCC,5,7,2,8.5785,8.101,3.9821,12.4541532467862,63232.2,5076.01,34.9978569516129,39.742,86.4652,106.144,214.489,4.5508,0.459630001434103,320.633,0.494869200751554,451.391,0.0100817251562393,0.0526315789473684,100.891095452215,0.0850273253704836
5% PCC,5,7,3,8.622,8.078,4.003,12.5852272388642,59050.5,4690.91,32.3426859192339,39.742,86.4652,106.144,214.489,4.5508,0.459630001434103,320.633,0.494869200751554,451.391,0.0100817251562393,0.0526315789473684,101.663465635545,0.0848092276423977
5% PCC,5,28,1,8.568,8.037,3.991,12.5098855638458,65974.6,5272.94,36.3556415047326,39.742,86.4652,106.144,214.489,4.5508,0.459630001434103,320.633,0.494869200751554,451.391,0.0100817251562393,0.0526315789473684,100.541950276629,0.0852181599464325
5% PCC,5,28,2,8.622,8.132,3.992,12.5161553973842,76427.1,6103.7,42.083530070973,39.742,86.4652,106.144,214.489,4.5508,0.459630001434103,320.633,0.494869200751554,451.391,0.0100817251562393,0.0526315789473684,101.781375691528,0.0847109792083273
5% PCC,5,28,3,8.6945,8.138,3.995,12.5349743227774,69897.9,5574.22,38.4328939810638,39.742,86.4652,106.144,214.489,4.5508,0.459630001434103,320.633,0.494869200751554,451.391,0.0100817251562393,0.0526315789473684,102.009621038762,0.0852321566482069
5% PCC,5,56,1,8.644,8.091,3.982,12.4535277478349,77697.82,6238.732,43.0145429373563,39.742,86.4652,106.144,214.489,4.5508,0.459630001434103,320.633,0.494869200751554,451.391,0.0100817251562393,0.0526315789473684,100.761493007732,0.0857867399735402
5% PCC,5,56,2,8.59,8.109,3.977,12.4222728279225,77407.1,6231.31,42.9633700487499,39.742,86.4652,106.144,214.489,4.5508,0.459630001434103,320.633,0.494869200751554,451.391,0.0100817251562393,0.0526315789473684,100.732210361623,0.0852756031974514
5% PCC,5,56,3,8.659,8.068,3.982,12.4535277478349,76348.2,6130.65,42.2693437799385,39.742,86.4652,106.144,214.489,4.5508,0.459630001434103,320.633,0.494869200751554,451.391,0.0100817251562393,0.0526315789473684,100.475061869532,0.0861805888832776
5% PCC,5,90,1,8.668,8.11,4.002,12.5789401265662,84499.9,6717.57,46.3160147285853,39.742,86.4652,106.144,214.489,4.5508,0.459630001434103,320.633,0.494869200751554,451.391,0.0100817251562393,0.0526315789473684,102.015204426452,0.0849677266122544
5% PCC,5,90,2,8.6695,8.145,4.008,12.6166863622991,78832.1,6248.24,43.0800982896696,39.742,86.4652,106.144,214.489,4.5508,0.459630001434103,320.633,0.494869200751554,451.391,0.0100817251562393,0.0526315789473684,102.762910420926,0.084364095610848
5% PCC,5,90,3,8.6595,8.137,4.001,12.5726545850645,78498.3,6243.57,43.0478997731253,39.742,86.4652,106.144,214.489,4.5508,0.459630001434103,320.633,0.494869200751554,451.391,0.0100817251562393,0.0526315789473684,102.30369035867,0.0846450403659962
10% PCC,10,1,1,8.56,8.168,4.006,,28703.0,2277.28,15.7012928813712,39.742,81.9144,106.144,214.489,9.1016,0.485165001513775,320.633,0.494869200751554,451.391,0.0201634503124785,0.111111111111111,102.950272468379,0.0831469387575363
10% PCC,10,1,2,8.459,8.027,4.0,,27955.1,2224.31,15.3360775877199,39.742,81.9144,106.144,214.489,9.1016,0.485165001513775,320.633,0.494869200751554,451.391,0.0201634503124785,0.111111111111111,100.870256921461,0.0838602007982025
10% PCC,10,1,3,8.523,8.152,4.001,,24350.7,1936.8,13.353765919272,39.742,81.9144,106.144,214.489,9.1016,0.485165001513775,320.633,0.494869200751554,451.391,0.0201634503124785,0.111111111111111,102.492280177446,0.0831574825464322
10% PCC,10,7,1,8.626,8.138,3.977,12.4222728279225,51046.0,4108.36,28.3261450599444,39.742,81.9144,106.144,214.489,9.1016,0.485165001513775,320.633,0.494869200751554,451.391,0.0201634503124785,0.111111111111111,101.092456273633,0.0853278307597105
10% PCC,10,7,2,8.58,8.073,3.972,12.3910571779183,58242.9,4700.39,32.4080482183431,39.742,81.9144,106.144,214.489,9.1016,0.485165001513775,320.633,0.494869200751554,451.391,0.0201634503124785,0.111111111111111,100.033004597334,0.0857716913986273
10% PCC,10,7,3,8.539,8.049,3.992,12.5161553973842,49506.1,3954.8,27.267386130492,39.742,81.9144,106.144,214.489,9.1016,0.485165001513775,320.633,0.494869200751554,451.391,0.0201634503124785,0.111111111111111,100.742534793545,0.0847606228838616
10% PCC,10,28,1,8.567,8.056,3.996,12.5412504395011,67539.6,5385.11,37.1290264299519,39.742,81.9144,106.144,214.489,9.1016,0.485165001513775,320.633,0.494869200751554,451.391,0.0201634503124785,0.111111111111111,101.032313540621,0.0847946533121365
10% PCC,10,28,2,8.5645,8.088,3.999,12.5600882144502,66563.3,5299.59,36.5393867865111,39.742,81.9144,106.144,214.489,9.1016,0.485165001513775,320.633,0.494869200751554,451.391,0.0201634503124785,0.111111111111111,101.585993478473,0.084307882481997
10% PCC,10,28,3,8.578,8.119,3.988,12.4910854880086,67532.4,5404.73,37.2643015679817,39.742,81.9144,106.144,214.489,9.1016,0.485165001513775,320.633,0.494869200751554,451.391,0.0201634503124785,0.111111111111111,101.415123077141,0.0845830457995416
10% PCC,10,56,1,8.554,8.071,3.993,12.5224268017189,75777.4,6046.18,41.6869436316522,39.742,81.9144,106.144,214.489,9.1016,0.485165001513775,320.633,0.494869200751554,451.391,0.0201634503124785,0.111111111111111,101.068506716673,0.0846356622640081
10% PCC,10,56,2,8.515,7.969,3.995,12.5349743227774,68157.0,73487.4,37.48911732649428,39.742,81.9144,106.144,214.489,9.1016,0.485165001513775,320.633,0.494869200751554,451.391,0.0201634503124785,0.111111111111111,99.8912103782128,0.0852427352492788
10% PCC,10,56,3,8.5485,8.002,3.988,12.4910854880086,73487.4,5883.18,40.5630981933822,39.742,81.9144,106.144,214.489,9.1016,0.485165001513775,320.633,0.494869200751554,451.391,0.0201634503124785,0.111111111111111,99.9536660750444,0.085524626916454
10% PCC,10,90,1,8.6425,8.167,3.988,12.4910854880086,77015.8,6163.36,42.4948712908944,39.742,81.9144,106.144,214.489,9.1016,0.485165001513775,320.633,0.494869200751554,451.391,0.0201634503124785,0.111111111111111,102.014695180566,0.0847181867740015
10% PCC,10,90,2,8.613,8.15,3.974,12.403538725531,79697.156,6424.488,44.2952854725175,39.742,81.9144,106.144,214.489,9.1016,0.485165001513775,320.633,0.494869200751554,451.391,0.0201634503124785,0.111111111111111,101.088840613077,0.0852022829400794
10% PCC,10,90,3,8.548,8.014,3.991,12.5098855638458,73455.1,5868.89,40.4645721117081,39.742,81.9144,106.144,214.489,9.1016,0.485165001513775,320.633,0.494869200751554,451.391,0.0201634503124785,0.111111111111111,100.25422290866,0.0852632413079291
15% PCC,15,1,1,8.386,8.109,3.976,12.416026556329,25736.2,2072.82,14.2915908058578,41.024,79.8592,109.568,221.408,14.0928,0.51370411924988,330.976,0.494869200751554,465.952,0.0302451754687178,0.176470588235294,100.681559345272,0.0832923134537629
15% PCC,15,1,2,8.3875,8.068,4.003,12.5852272388642,31335.1,2489.83,17.1667735433607,41.024,79.8592,109.568,221.408,14.0928,0.51370411924988,330.976,0.494869200751554,465.952,0.0302451754687178,0.176470588235294,101.537613363156,0.0826048566849955
15% PCC,15,1,3,8.387,8.11,3.999,12.5600882144502,28215.1,2246.41,15.4884517238289,41.024,79.8592,109.568,221.408,14.0928,0.51370411924988,330.976,0.494869200751554,465.952,0.0302451754687178,0.176470588235294,101.862315419191,0.0823366322028441
15% PCC,15,7,1,8.4215,8.023,3.981,12.447,51559.2,4142.21,28.5595325942109,41.024,79.8592,109.568,221.408,14.0928,0.51370411924988,330.976,0.494869200751554,465.952,0.0302451754687178,0.176470588235294,99.8644762713899,0.084329286192959
15% PCC,15,7,2,8.462,8.017,3.98,12.441,46078.1,3699.4,25.506465118626,41.024,79.8592,109.568,221.408,14.0928,0.51370411924988,330.976,0.494869200751554,465.952,0.0302451754687178,0.176470588235294,99.7396658979947,0.0848408697163094
15% PCC,15,7,3,8.393,8.043,3.96,12.316,4498.4,55417.9,2.518294910929055,41.024,79.8592,109.568,221.408,14.0928,0.51370411924988,330.976,0.494869200751554,465.952,0.0302451754687178,0.176470588235294,99.0599996061501,0.0847264287640773
15% PCC,15,28,1,8.397,8.016,3.998,12.549,59879.7,4768.98,32.8809596208642,41.024,79.8592,109.568,221.408,14.0928,0.51370411924988,330.976,0.494869200751554,465.952,0.0302451754687178,0.176470588235294,100.631320000865,0.0834432063489559
15% PCC,15,28,2,8.4515,8.01,3.994,12.522,62693.8,5003.44,34.4975044150776,41.024,79.8592,109.568,221.408,14.0928,0.51370411924988,330.976,0.494869200751554,465.952,0.0302451754687178,0.176470588235294,100.354885212568,0.0842161294101261
15% PCC,15,28,3,8.4655,8.088,3.975,12.411,53282.2,4293.56,29.6030541100524,41.024,79.8592,109.568,221.408,14.0928,0.51370411924988,330.976,0.494869200751554,465.952,0.0302451754687178,0.176470588235294,100.370315647541,0.0843426659105797
15% PCC,15,56,1,8.427,8.072,3.981,12.4472736222597,84356.3,6776.8,46.724391202872,41.024,79.8592,109.568,221.408,14.0928,0.51370411924988,330.976,0.494869200751554,465.952,0.0302451754687178,0.176470588235294,100.474392678881,0.0838721168181923
15% PCC,15,56,2,8.2905,8.091,3.988,12.4910854880086,61710.3,4938.05,34.0466562358845,41.024,79.8592,109.568,221.408,14.0928,0.51370411924988,330.976,0.494869200751554,465.952,0.0302451754687178,0.176470588235294,101.065372683477,0.0820310634579532
15% PCC,15,56,3,8.44,8.002,3.982,12.4535277478349,62212.8,4993.29,34.4275226285841,41.024,79.8592,109.568,221.408,14.0928,0.51370411924988,330.976,0.494869200751554,465.952,0.0302451754687178,0.176470588235294,99.6531290381747,0.0846937781227806
15% PCC,15,90,1,8.2615,8.016,3.998,12.5538073853375,70791.7,5638.77,38.8779505641333,41.024,79.8592,109.568,221.408,14.0928,0.51370411924988,330.976,0.494869200751554,465.952,0.0302451754687178,0.176470588235294,100.631320000865,0.0820967070682266
15% PCC,15,90,2,8.4515,8.088,3.975,12.4097818555318,68788.7,5543.11,38.2183980817719,41.024,79.8592,109.568,221.408,14.0928,0.51370411924988,330.976,0.494869200751554,465.952,0.0302451754687178,0.176470588235294,100.370315647541,0.0842031824396981
15% PCC,15,90,3,8.373,8.0101,3.994,12.52869977685,75429.3,6020.52,41.5100241595908,41.024,79.8592,109.568,221.408,14.0928,0.51370411924988,330.976,0.494869200751554,465.952,0.0302451754687178,0.176470588235294,100.356138082546,0.0834328637986543
20% PCC,20,1,1,8.3465,8.066,3.999,12.5664,21003.0,1672.2,11.529413140338,41.024,75.1616,109.568,221.408,18.7904,0.545810626702997,330.976,0.494869200751554,465.952,0.0403269006249571,0.25,101.309671537755,0.0823860138258322
20% PCC,20,1,2,8.3505,8.04,4.025,12.724,21073.2,1655.91,11.4170975440839,41.024,75.1616,109.568,221.408,18.7904,0.545810626702997,330.976,0.494869200751554,465.952,0.0403269006249571,0.25,102.300486611962,0.0816271777051702
20% PCC,20,1,3,8.485,8.115,3.988,12.5056,19303.0,1545.42,10.6552958111118,41.024,75.1616,109.568,221.408,18.7904,0.545810626702997,330.976,0.494869200751554,465.952,0.0403269006249571,0.25,101.365158735189,0.0837072629873404
20% PCC,20,7,1,8.475,8.154,3.978,12.429,56868.1,4575.03,31.5437214444687,41.024,75.1616,109.568,221.408,18.7904,0.545810626702997,330.976,0.494869200751554,465.952,0.0403269006249571,0.25,101.342157545727,0.0836275860436068
20% PCC,20,7,2,8.458,8.038,3.974,12.404,54796.2,4635.47,31.9604405750763,41.024,75.1616,109.568,221.408,18.7904,0.545810626702997,330.976,0.494869200751554,465.952,0.0403269006249571,0.25,99.6996442758179,0.08483480619651
20% PCC,20,7,3,8.56,8.173,3.944,12.217,53777.5,4400.11,30.3376904993019,41.024,75.1616,109.568,221.408,18.7904,0.545810626702997,330.976,0.494869200751554,465.952,0.0403269006249571,0.25,99.8493386839032,0.0857291606817619
20% PCC,20,28,1,8.455,8.096,4.002,12.579,76369.711,6070.665,41.8557617638979,41.024,75.1616,109.568,221.408,18.7904,0.545810626702997,330.976,0.494869200751554,465.952,0.0403269006249571,0.25,101.83909926468,0.0830231223670336
20% PCC,20,28,2,8.432,8.087,3.982,12.4535,72844.18,5847.6,40.317782729004,41.024,75.1616,109.568,221.408,18.7904,0.545810626702997,330.976,0.494869200751554,465.952,0.0403269006249571,0.25,100.711678896741,0.0837241528725313
20% PCC,20,28,3,8.475,8.055,4.007,12.5789,57582.4,4577.68,31.5619925512872,41.024,75.1616,109.568,221.408,18.7904,0.545810626702997,330.976,0.494869200751554,465.952,0.0403269006249571,0.25,101.576702694937,0.0834344862074605
20% PCC,20,56,1,8.487,8.111,3.981,12.4472736222597,76326.6,6128.25,42.2527963624425,41.024,75.1616,109.568,221.408,18.7904,0.545810626702997,330.976,0.494869200751554,465.952,0.0403269006249571,0.25,100.959836350149,0.0840631315067251
20% PCC,20,56,2,8.835,7.87,3.986,12.4785599580987,76678.4,6144.24,42.3630435315096,41.024,75.1616,109.568,221.408,18.7904,0.545810626702997,330.976,0.494869200751554,465.952,0.0403269006249571,0.25,98.2062668702367,0.0899637088504137
20% PCC,20,56,3,8.453,8.028,3.996,12.5412504395011,80522.7,6420.63,44.2686854988927,41.024,75.1616,109.568,221.408,18.7904,0.545810626702997,330.976,0.494869200751554,465.952,0.0403269006249571,0.25,100.681158528315,0.0839581121588183
20% PCC,20,90,1,8.514,8.144,3.9606,12.3200323339492,79740.2,6470.52,44.6126649400908,41.024,75.1616,109.568,221.408,18.7904,0.545810626702997,330.976,0.494869200751554,465.952,0.0403269006249571,0.25,100.334343327683,0.0848562886607438
20% PCC,20,90,2,8.605,8.074,3.985,12.4722995493382,82144.0,6589.95,45.4361058032355,41.024,75.1616,109.568,221.408,18.7904,0.545810626702997,330.976,0.494869200751554,465.952,0.0403269006249571,0.25,100.701346561357,0.0854506944925211
20% PCC,20,90,3,8.398,8.096,3.987,12.4848219376555,79151.6,6343.31,43.7355828652299,41.024,75.1616,109.568,221.408,18.7904,0.545810626702997,330.976,0.494869200751554,465.952,0.0403269006249571,0.25,101.077118407259,0.0830850753596169
25% PCC,25,1,1,8.379,8.079,3.975,12.41,18626.4,1500.95,10.3486859544255,41.024,70.464,109.568,221.408,23.488,0.582198001816531,330.976,0.494869200751554,465.952,0.0504086257811964,0.333333333333333,100.258627610842,0.0835738549356917
25% PCC,25,1,2,8.3215,8.035,3.972,12.39,20371.1,1644.02,11.3351188799058,41.024,70.464,109.568,221.408,23.488,0.582198001816531,330.976,0.494869200751554,465.952,0.0504086257811964,0.333333333333333,99.5621444245731,0.0835809639104776
25% PCC,25,1,3,8.5025,8.153,4.006,12.6,19174.1,1520.7,10.484857410903,41.024,70.464,109.568,221.408,23.488,0.582198001816531,330.976,0.494869200751554,465.952,0.0504086257811964,0.333333333333333,102.761210998371,0.0827403639699689
25% PCC,25,7,1,8.42,8.064,4.009,12.622982899375,45945.3,3638.96,25.0897459880184,41.024,70.464,109.568,221.408,23.488,0.582198001816531,330.976,0.494869200751554,465.952,0.0504086257811964,0.333333333333333,101.79173410056,0.0827179149112625
25% PCC,25,7,2,8.501,8.171,3.994,12.52869977685,44384.8,3542.37,24.4237813813773,41.024,70.464,109.568,221.408,23.488,0.582198001816531,330.976,0.494869200751554,465.952,0.0504086257811964,0.333333333333333,102.372005876641,0.0830402796858719
25% PCC,25,7,3,8.6355,8.303,4.002,12.5789401265662,48318.5,3826.91,26.3856156206739,41.024,70.464,109.568,221.408,23.488,0.582198001816531,330.976,0.494869200751554,465.952,0.0504086257811964,0.333333333333333,104.442939870879,0.0826815102167357
25% PCC,25,28,1,8.474,8.064,3.992,12.51,61150.3,4885.71,33.6857846393259,41.024,70.464,109.568,221.408,23.488,0.582198001816531,330.976,0.494869200751554,465.952,0.0504086257811964,0.333333333333333,100.930277124506,0.0839589491025235
25% PCC,25,28,2,8.533,8.142,3.992,12.51,39900.7,3182.82,21.9447713977578,41.024,70.464,109.568,221.408,23.488,0.582198001816531,330.976,0.494869200751554,465.952,0.0504086257811964,0.333333333333333,101.906537245502,0.0837335879585745
25% PCC,25,28,3,8.48,8.076,3.969,12.37,54337.5,4391.56,30.2787403244724,41.024,70.464,109.568,221.408,23.488,0.582198001816531,330.976,0.494869200751554,465.952,0.0504086257811964,0.333333333333333,99.9190714442209,0.0848686829994602
25% PCC,25,56,1,8.4985,8.038,3.969,12.3723466374716,68052.9,5500.4,37.923922997916,41.024,70.464,109.568,221.408,23.488,0.582198001816531,330.976,0.494869200751554,465.952,0.0504086257811964,0.333333333333333,99.448922271997,0.0854559285897161
25% PCC,25,56,2,8.65,8.25,3.972,12.3910571779183,61835.9,4989.5,34.401391498455,41.024,70.464,109.568,221.408,23.488,0.582198001816531,330.976,0.494869200751554,465.952,0.0504086257811964,0.333333333333333,102.226221717826,0.0846162545640838
25% PCC,25,56,3,8.413,8.015,3.976,12.416026556329,66645.8,5364.54,36.9872012724966,41.024,70.464,109.568,221.408,23.488,0.582198001816531,330.976,0.494869200751554,465.952,0.0504086257811964,0.333333333333333,99.5144528489768,0.0845404839110916
25% PCC,25,90,1,8.618,8.112,3.997,12.5475281270211,60744.7,4839.74,33.3688326467046,41.024,70.464,109.568,221.408,23.488,0.582198001816531,330.976,0.494869200751554,465.952,0.0504086257811964,0.333333333333333,101.785548166395,0.0846682083581415
25% PCC,25,90,2,8.627,8.129,3.964,12.3411938193205,68332.9,5536.97,38.1760642720113,41.024,70.464,109.568,221.408,23.488,0.582198001816531,330.976,0.494869200751554,465.952,0.0504086257811964,0.333333333333333,100.321564557256,0.0859934754613635
25% PCC,25,90,3,8.581,8.064,3.967,12.3598807978222,68594.9,5549.8,38.264524008042,41.024,70.464,109.568,221.408,23.488,0.582198001816531,330.976,0.494869200751554,465.952,0.0504086257811964,0.333333333333333,99.6700787536381,0.0860940425381853
30% PCC,30,1,1,8.3365,8.046,3.981,12.44,18826.5,1512.22,10.4263898690838,41.024,65.7664,109.568,221.408,28.1856,0.623783573374854,330.976,0.494869200751554,465.952,0.0604903509374356,0.428571428571429,100.150763564702,0.0832395051547884
30% PCC,30,1,2,8.36,8.027,3.976,12.41,16060.3,1293.51,8.9184375021879,41.024,65.7664,109.568,221.408,28.1856,0.623783573374854,330.976,0.494869200751554,465.952,0.0604903509374356,0.428571428571429,99.6634451676527,0.0838823099676808
30% PCC,30,1,3,8.4385,8.147,3.99,12.5,19890.2,1589.63,10.9601130309027,41.024,65.7664,109.568,221.408,28.1856,0.623783573374854,330.976,0.494869200751554,465.952,0.0604903509374356,0.428571428571429,101.866970152092,0.0828384312147592
30% PCC,30,7,1,8.3355,8.0101,4.0,12.5663706143592,55374.9,4406.59,30.3823685265411,41.024,65.7664,109.568,221.408,28.1856,0.623783573374854,330.976,0.494869200751554,465.952,0.0604903509374356,0.428571428571429,100.657885258078,0.0828102038765118
30% PCC,30,7,2,8.409,8.228,3.996,12.5412504395011,50162.9,3999.84,27.5779259988336,41.024,65.7664,109.568,221.408,28.1856,0.623783573374854,330.976,0.494869200751554,465.952,0.0604903509374356,0.428571428571429,103.189408616215,0.0814909215273731
30% PCC,30,7,3,8.505,8.196,3.98,12.4410210674809,53052.5,4264.32040523359,29.4014542008801,41.024,65.7664,109.568,221.408,28.1856,0.623783573374854,330.976,0.494869200751554,465.952,0.0604903509374356,0.428571428571429,101.966608669074,0.0834096584265389
30% PCC,30,28,1,8.442,8.103,3.961,12.323,62740.5,5091.53,35.1048635847537,41.024,65.7664,109.568,221.408,28.1856,0.623783573374854,330.976,0.494869200751554,465.952,0.0604903509374356,0.428571428571429,99.8493874846181,0.0845473388737663
30% PCC,30,28,2,8.501,8.076,3.977,12.422,61430.3,4944.89,34.0938163757481,41.024,65.7664,109.568,221.408,28.1856,0.623783573374854,330.976,0.494869200751554,465.952,0.0604903509374356,0.428571428571429,100.322275358302,0.0847369138074132
30% PCC,30,28,3,8.437,8.051,3.99,12.504,60748.3,4853.87,33.4662555672123,41.024,65.7664,109.568,221.408,28.1856,0.623783573374854,330.976,0.494869200751554,465.952,0.0604903509374356,0.428571428571429,100.666622891186,0.0838112947239706
30% PCC,30,56,1,8.481,8.041,3.998,12.5538073853375,70601.4,5623.43,38.7721849873047,41.024,65.7664,109.568,221.408,28.1856,0.623783573374854,330.976,0.494869200751554,465.952,0.0604903509374356,0.428571428571429,100.945165185499,0.0840159108602692
30% PCC,30,56,2,8.4325,8.065,3.967,12.3598807978222,64779.3,5241.09,36.1360434850461,41.024,65.7664,109.568,221.408,28.1856,0.623783573374854,330.976,0.494869200751554,465.952,0.0604903509374356,0.428571428571429,99.6824386344359,0.0845936367079099
30% PCC,30,56,3,8.486,8.217,3.972,12.3910571779183,57808.5,4663.89,32.1563895772581,41.024,65.7664,109.568,221.408,28.1856,0.623783573374854,330.976,0.494869200751554,465.952,0.0604903509374356,0.428571428571429,101.817316830954,0.083345350910093
30% PCC,30,90,1,8.027,8.023,3.992,12.51,60073.5,4794.3,33.055534875447,41.024,65.7664,109.568,221.408,28.1856,0.623783573374854,330.976,0.494869200751554,465.952,0.0604903509374356,0.428571428571429,100.417114753213,0.0799365727617974
30% PCC,30,90,2,8.088,8.058,4.006,12.598,39608.7,3137.72,21.6338178439788,41.024,65.7664,109.568,221.408,28.1856,0.623783573374854,330.976,0.494869200751554,465.952,0.0604903509374356,0.428571428571429,101.56382168832,0.0796346559783908
35% PCC,35,1,1,8.2165,8.049,3.957,12.2976458473546,12686.8,1031.07,7.1089773990003,41.024,61.0688,109.568,221.408,32.8832,0.67176692517292,330.976,0.494869200751554,465.952,0.0705720760936749,0.538461538461538,98.9837514253569,0.0830085734444609
35% PCC,35,1,2,8.21,8.03,4.032,12.7682367919082,13023.8,1019.74,7.0308597989046,41.024,61.0688,109.568,221.408,32.8832,0.67176692517292,330.976,0.494869200751554,465.952,0.0705720760936749,0.538461538461538,102.528941439023,0.0800749513724641
35% PCC,35,1,3,8.286,8.074,3.991,12.5098855638458,12553.4,1003.47,6.9186820977963,41.024,61.0688,109.568,221.408,32.8832,0.67176692517292,330.976,0.494869200751554,465.952,0.0705720760936749,0.538461538461538,101.004816042491,0.0820356922041641
35% PCC,35,7,1,8.3535,8.17,3.974,12.403538725531,42956.6,3462.68,23.8743381729372,41.024,61.0688,109.568,221.408,32.8832,0.67176692517292,330.976,0.494869200751554,465.952,0.0705720760936749,0.538461538461538,101.336911387588,0.0824329445768283
35% PCC,35,7,2,8.23,8.079,3.978,12.4285206703123,43102.6,3468.04,23.9112940720116,41.024,61.0688,109.568,221.408,32.8832,0.67176692517292,330.976,0.494869200751554,465.952,0.0705720760936749,0.538461538461538,100.410018495453,0.0819639327162626
35% PCC,35,7,3,8.3505,8.067,3.984,12.4660407113741,43341.3,3476.75,23.9713474080075,41.024,61.0688,109.568,221.408,32.8832,0.67176692517292,330.976,0.494869200751554,465.952,0.0705720760936749,0.538461538461538,100.563550418655,0.0830370443887086
35% PCC,35,28,1,8.352,8.123,3.979,12.4335,52812.0,4247.12,29.2828615815048,41.024,61.0688,109.568,221.408,32.8832,0.67176692517292,330.976,0.494869200751554,465.952,0.0705720760936749,0.538461538461538,101.007637388258,0.0826868167195732
35% PCC,35,28,2,8.472,8.133,3.993,12.522,50500.4,4032.79,27.8051082515391,41.024,61.0688,109.568,221.408,32.8832,0.67176692517292,330.976,0.494869200751554,465.952,0.0705720760936749,0.538461538461538,101.84489717838,0.0831853164440964
35% PCC,35,28,3,8.441,8.144,3.981,12.447,55522.0,4460.58,30.7546164726282,41.024,61.0688,109.568,221.408,32.8832,0.67176692517292,330.976,0.494869200751554,465.952,0.0705720760936749,0.538461538461538,101.370596379683,0.0832687219120646
35% PCC,35,56,1,8.415,8.1,3.98,12.4410210674809,59007.2,4742.97,32.7016269837513,41.024,61.0688,109.568,221.408,32.8832,0.67176692517292,330.976,0.494869200751554,465.952,0.0705720760936749,0.538461538461538,100.772270646596,0.0835051145122161
35% PCC,35,56,2,8.368,8.106,4.003,12.5852272388642,,4509.23,31.0900464147867,41.024,61.0688,109.568,221.408,32.8832,0.67176692517292,330.976,0.494869200751554,465.952,0.0705720760936749,0.538461538461538,102.015851998233,0.0820264678095806
35% PCC,35,56,3,8.415,8.16,3.976,12.416026556329,49843.5,4012.71,27.6666615251559,41.024,61.0688,109.568,221.408,32.8832,0.67176692517292,330.976,0.494869200751554,465.952,0.0705720760936749,0.538461538461538,101.314776699645,0.0830579731221924
35% PCC,35,90,1,8.43,8.071,3.98,12.4410210674809,59912.0,4813.95,33.1910168561955,41.024,61.0688,109.568,221.408,32.8832,0.67176692517292,330.976,0.494869200751554,465.952,0.0705720760936749,0.538461538461538,100.411481035639,0.0839545429770922
35% PCC,35,90,2,8.3485,8.162,3.981,12.4472736222597,62665.1,5032.14,34.6953839493006,41.024,61.0688,109.568,221.408,32.8832,0.67176692517292,330.976,0.494869200751554,465.952,0.0705720760936749,0.538461538461538,101.594647304884,0.0821746048780136
35% PCC,35,90,3,8.4055,8.14,3.987,12.4848219376555,61864.6,4954.33,34.1589028845657,41.024,61.0688,109.568,221.408,32.8832,0.67176692517292,330.976,0.494869200751554,465.952,0.0705720760936749,0.538461538461538,101.626450572515,0.0827097665287667
40% PCC,40,1,1,8.328,8.096,3.985,12.4722995493382,8119.7,650.17,4.4827643472393,41.024,56.3712,109.568,221.408,37.5808,0.727747502270663,330.976,0.494869200751554,465.952,0.0806538012499142,0.666666666666667,100.975737151442,0.0824752582643665
40% PCC,40,1,2,8.5115,8.219,3.991,12.5098855638458,6898.0,549.44,3.7882554454176,41.024,56.3712,109.568,221.408,37.5808,0.727747502270663,330.976,0.494869200751554,465.952,0.0806538012499142,0.666666666666667,102.818749449249,0.0827815942675055
40% PCC,40,1,3,8.2965,8.053,4.006,12.6040980005361,7126.205,565.388,3.89821303467852,41.024,56.3712,109.568,221.408,37.5808,0.727747502270663,330.976,0.494869200751554,465.952,0.0806538012499142,0.666666666666667,101.500801198318,0.0817382710486183
40% PCC,40,7,1,8.3835,8.182,3.969,12.372,29012.891,2344.98,16.1680679499042,41.024,56.3712,109.568,221.408,37.5808,0.727747502270663,330.976,0.494869200751554,465.952,0.0806538012499142,0.666666666666667,101.230540187793,0.0828159168611346
40% PCC,40,7,2,8.351,8.178,3.973,12.397,30027.951,2422.18,16.7003432126922,41.024,56.3712,109.568,221.408,37.5808,0.727747502270663,330.976,0.494869200751554,465.952,0.0806538012499142,0.666666666666667,101.385096226218,0.0823691085854143
40% PCC,40,7,3,8.395,8.0999,3.982,12.454,26416.477,2121.2,14.625159163548,41.024,56.3712,109.568,221.408,37.5808,0.727747502270663,330.976,0.494869200751554,465.952,0.0806538012499142,0.666666666666667,100.872329404688,0.0832240124674851
40% PCC,40,28,1,8.35,8.0717,3.9867,12.4829431788548,29885.5,2393.46,16.5023257833234,41.024,56.3712,109.568,221.408,37.5808,0.727747502270663,330.976,0.494869200751554,465.952,0.0806538012499142,0.666666666666667,100.758572456762,0.0828713606833122
40% PCC,40,28,2,8.398,8.0753,3.963,12.3349679680792,34953.7,2830.82,19.5178168316778,41.024,56.3712,109.568,221.408,37.5808,0.727747502270663,330.976,0.494869200751554,465.952,0.0806538012499142,0.666666666666667,99.6085668326301,0.084310017371407
40% PCC,40,28,3,8.2875,7.9753,3.9717,12.3891854877011,33671.5,2716.54,18.7298839685766,41.024,56.3712,109.568,221.408,37.5808,0.727747502270663,330.976,0.494869200751554,465.952,0.0806538012499142,0.666666666666667,98.8074710200624,0.0838752365022809
40% PCC,40,56,1,8.407,8.129,4.003,12.5852272388642,37033.6,2973.75,20.5032844911375,41.024,56.3712,109.568,221.408,37.5808,0.727747502270663,330.976,0.494869200751554,465.952,0.0806538012499142,0.666666666666667,102.305312224727,0.0821755959410292
40% PCC,40,56,1,8.3395,8.114,3.983,12.4597834442063,43170.3,3463.91,23.8828187244039,41.024,56.3712,109.568,221.408,37.5808,0.727747502270663,330.976,0.494869200751554,465.952,0.0806538012499142,0.666666666666667,101.09868286629,0.0824887106692532
40% PCC,40,56,2,8.393,8.088,3.982,12.4535277478349,38974.7,3095.45,21.3423764533305,41.024,56.3712,109.568,221.408,37.5808,0.727747502270663,330.976,0.494869200751554,465.952,0.0806538012499142,0.666666666666667,100.724132424489,0.0833266050347181
40% PCC,40,90,1,8.3395,8.114,3.983,12.4597834442063,43170.3,3463.91,23.8828187244039,41.024,56.3712,109.568,221.408,37.5808,0.727747502270663,330.976,0.494869200751554,465.952,0.0806538012499142,0.666666666666667,101.09868286629,0.0824887106692532
40% PCC,40,90,2,8.2645,8.088,3.995,12.5349743227774,42557.7,3394.55,23.4045983587695,41.024,56.3712,109.568,221.408,37.5808,0.727747502270663,330.976,0.494869200751554,465.952,0.0806538012499142,0.666666666666667,101.382872322623,0.0815177140937622
40% PCC,40,90,3,8.287,8.066,3.977,12.4222728279225,44050.0,3545.76,24.4471546085904,41.024,56.3712,109.568,221.408,37.5808,0.727747502270663,330.976,0.494869200751554,465.952,0.0806538012499142,0.666666666666667,100.198052630023,0.0827061981992746
45% PCC,45,1,1,8.3195,8.1443,3.992,12.5161553973842,6431.1,513.83,3.5427331383207,41.024,51.6736,109.568,221.408,42.2784,0.793906366113451,330.976,0.494869200751554,465.952,0.0907355264061534,0.818181818181818,101.935324402916,0.0816154757806608
45% PCC,45,1,2,8.1765,8.1207,4.02,12.6923484797681,6280.2,494.89,3.4121464352481,41.024,51.6736,109.568,221.408,42.2784,0.793906366113451,330.976,0.494869200751554,465.952,0.0907355264061534,0.818181818181818,103.070754299653,0.0793290012822535
45% PCC,45,1,3,8.3,8.1767,4.002,12.5789401265662,7333.33,582.15,4.0137829563735,41.024,51.6736,109.568,221.408,42.2784,0.793906366113451,330.976,0.494869200751554,465.952,0.0907355264061534,0.818181818181818,102.854219732894,0.0806967377863019
45% PCC,45,7,1,8.309,8.13,3.993,12.522,24219.0,1934.05,13.3348053367245,41.024,51.6736,109.568,221.408,42.2784,0.793906366113451,330.976,0.494869200751554,465.952,0.0907355264061534,0.818181818181818,101.807329897975,0.0816149486321543
45% PCC,45,7,3,8.247,8.057,3.988,12.491,26081.7,2088.02,14.3963911166658,41.024,51.6736,109.568,221.408,42.2784,0.793906366113451,330.976,0.494869200751554,465.952,0.0907355264061534,0.818181818181818,100.640675776885,0.08194499824587
45% PCC,45,28,1,8.3985,8.118,3.981,12.4472736222597,32660.0,2623.87,18.0909468105123,41.024,51.6736,109.568,221.408,42.2784,0.793906366113451,330.976,0.494869200751554,465.952,0.0907355264061534,0.818181818181818,101.046967265505,0.0831148150931896
45% PCC,45,28,2,8.336,8.088,3.971,12.3848187603064,32692.0,2639.11,18.1960229116119,41.024,51.6736,109.568,221.408,42.2784,0.793906366113451,330.976,0.494869200751554,465.952,0.0907355264061534,0.818181818181818,100.168414133358,0.0832198460175477
45% PCC,45,28,3,8.4255,8.129,3.988,12.4910854880086,32503.3,2601.55,17.9370558277995,41.024,51.6736,109.568,221.408,42.2784,0.793906366113451,330.976,0.494869200751554,465.952,0.0907355264061534,0.818181818181818,101.540033932022,0.0829771241325433
45% PCC,45,56,1,8.3195,8.144,3.992,12.5161553973842,40449.2,3231.76,22.2822008195304,41.024,51.6736,109.568,221.408,42.2784,0.793906366113451,330.976,0.494869200751554,465.952,0.0907355264061534,0.818181818181818,101.931569556297,0.0816184822446508
45% PCC,45,56,2,8.1769,8.12,4.02,12.6923484797681,41033.3,3232.64,22.2882682059456,41.024,51.6736,109.568,221.408,42.2784,0.793906366113451,330.976,0.494869200751554,465.952,0.0907355264061534,0.818181818181818,103.061869655717,0.0793397211530832
45% PCC,45,56,3,8.3001,8.176,4.002,12.5789401265662,40659.4,3203.17,22.0850797086093,41.024,51.6736,109.568,221.408,42.2784,0.793906366113451,330.976,0.494869200751554,465.952,0.0907355264061534,0.818181818181818,102.845414474805,0.0807046190866715
45% PCC,45,90,1,8.194,7.971,4.002,12.5789401265662,35438.0,2817.25,19.4242549752525,41.024,51.6736,109.568,221.408,42.2784,0.793906366113451,330.976,0.494869200751554,465.952,0.0907355264061534,0.818181818181818,100.266731748859,0.0817220214230553
45% PCC,45,90,2,8.4415,8.151,3.995,12.5349743227774,42037.7,3353.63,23.1224648904627,41.024,51.6736,109.568,221.408,42.2784,0.793906366113451,330.976,0.494869200751554,465.952,0.0907355264061534,0.818181818181818,102.172575704958,0.082620017570824
45% PCC,45,90,3,8.335,8.134,3.987,12.4848219376555,37532.3,3006.23,20.7272262079167,41.024,51.6736,109.568,221.408,42.2784,0.793906366113451,330.976,0.494869200751554,465.952,0.0907355264061534,0.818181818181818,101.55154164089,0.0820765481776195
50% PCC,50,1,1,8.2595,8.094,3.992,12.5115,4184.5,334.32,2.3050552571928,41.024,46.976,109.568,221.408,46.976,0.873297002724796,330.976,0.494869200751554,465.952,0.100817251562393,1.0,101.305761786428,0.0815304070997723
50% PCC,50,1,2,8.1895,8.051,3.999,12.5562,4314.3,340.7,2.349043808703,41.024,46.976,109.568,221.408,46.976,0.873297002724796,330.976,0.494869200751554,465.952,0.100817251562393,1.0,101.121270214538,0.0809869178128915
50% PCC,50,1,3,8.2245,8.098,4.013,12.6483,3959.8,312.24,2.1528190162296,41.024,46.976,109.568,221.408,46.976,0.873297002724796,330.976,0.494869200751554,465.952,0.100817251562393,1.0,102.42500015119,0.0802977787440546
50% PCC,50,7,1,8.38,8.137,3.975,12.41,19472.4,1568.84,10.8167710268436,41.024,46.976,109.568,221.408,46.976,0.873297002724796,330.976,0.494869200751554,465.952,0.100817251562393,1.0,100.978394958462,0.0829880491113682
50% PCC,50,7,2,8.2325,8.037,3.971,12.38,23292.9,1871.7,12.904917219693,41.024,46.976,109.568,221.408,46.976,0.873297002724796,330.976,0.494869200751554,465.952,0.100817251562393,1.0,99.5367883765824,0.0827081135956846
50% PCC,50,7,3,8.284,8.093,3.98,12.44,21396.2,1718.4,11.847950927136,41.024,46.976,109.568,221.408,46.976,0.873297002724796,330.976,0.494869200751554,465.952,0.100817251562393,1.0,100.685183499123,0.0822762566656308
50% PCC,50,28,1,8.2726,8.055,3.976,12.416026556329,28265.0,2276.49,15.6958460231121,41.024,46.976,109.568,221.408,46.976,0.873297002724796,330.976,0.494869200751554,465.952,0.100817251562393,1.0,100.01109391123,0.0827168234690321
50% PCC,50,28,2,8.3318,8.12,3.98,12.4410210674809,28321.9,2276.5,15.695914970685,41.024,46.976,109.568,221.408,46.976,0.873297002724796,330.976,0.494869200751554,465.952,0.100817251562393,1.0,101.021091067945,0.0824758464981947
50% PCC,50,28,3,8.2698,8.072,3.98,12.4410210674809,29315.6,2356.37,16.2465992354373,41.024,46.976,109.568,221.408,46.976,0.873297002724796,330.976,0.494869200751554,465.952,0.100817251562393,1.0,100.423922056706,0.082348904828974
50% PCC,50,56,1,8.381,8.156,3.966,12.353650234192,32018.9,2591.86,17.8702456296594,41.024,46.976,109.568,221.408,46.976,0.873297002724796,330.976,0.494869200751554,465.952,0.100817251562393,1.0,100.75637131007,0.0831808439608067
50% PCC,50,56,2,8.429,8.144,3.956,12.2914309916876,26384.4,2145.12,14.7900817579248,41.024,46.976,109.568,221.408,46.976,0.873297002724796,330.976,0.494869200751554,465.952,0.100817251562393,1.0,100.101413996304,0.0842046047452559
50% PCC,50,56,3,8.386,8.21,3.956,12.2914309916876,34337.5,2793.32,19.2592634333028,41.024,46.976,109.568,221.408,46.976,0.873297002724796,330.976,0.494869200751554,465.952,0.100817251562393,1.0,100.912648441755,0.0831015747727623
50% PCC,50,90,1,8.26,8.047,3.998,12.5538073853375,28496.5,2268.81,15.6428942871249,41.024,46.976,109.568,221.408,46.976,0.873297002724796,330.976,0.494869200751554,465.952,0.100817251562393,1.0,101.020488029811,0.0817655919219329
50% PCC,50,90,2,8.325,8.125,3.965,12.3474212413581,32905.7,2664.99,18.3744592302771,41.024,46.976,109.568,221.408,46.976,0.873297002724796,330.976,0.494869200751554,465.952,0.100817251562393,1.0,100.322797586034,0.0829821356692202
50% PCC,50,90,3,8.349,8.134,4.019,12.6860346639326,34886.0,2749.95,18.9602378096355,41.024,46.976,109.568,221.408,46.976,0.873297002724796,330.976,0.494869200751554,465.952,0.100817251562393,1.0,103.188205956428,0.0809104095047981
